"G","frac"
14587,0.0281129299801978
15299,0.0283096776480449
15312,0.0274585982313094
15313,0.0276714563398395
15316,0.0276714563398395
16016,0.0278794115539379
16028,0.02767630069814
16032,0.02767630069814
16735,0.027292089486707
16753,0.027874974402656
17471,0.0280569125580901
18228,0.0275099757290759
18567,0.0273313110790943
19287,0.0280351642158232
19288,0.0276920671152254
19291,0.0275204305138099
19294,0.0276920671152254
20013,0.0278604092895081
20015,0.0275301380490473
20476,0.0281753798670947
20710,0.0273799798178456
20727,0.0276983159528614
20728,0.0273799798178456
20729,0.0280164177161098
20733,0.0275391770135189
20734,0.0273799798178456
20736,0.0281753798670947
21423,0.0277011287564927
21442,0.0280079793111656
21447,0.0278545834956066
22147,0.0280000823732924
22150,0.0280000823732924
22151,0.0281481543341184
22157,0.0281481543341184
22161,0.0551109664217944
22163,0.0278519511811188
22629,0.0275629194166122
22635,0.0274195504338515
22638,0.0277062300928103
22865,0.0274195504338515
22869,0.0281358092510919
23355,0.0278471613498731
23577,0.0278471613498731
23585,0.0275698818399302
23587,0.0274311544563908
23588,0.055001036296321
23888,0.0274420838175326
24676,0.0209919157061829
24678,0.0278429127883324
25006,0.0275826275155643
25406,0.00348997734183179
25456,0.0280932129350882
25809,0.0277147493740262
26174,0.0275940164748457
26175,0.0274713787911766
26176,0.056167961787544
26854,0.05579357189402
26855,0.0279563246551221
26896,0.110992288704256
26897,0.0559125901714767
27534,0.0278357018484339
27574,0.0274884518423711
27575,0.02772001040366
27616,0.0274884518423711
27668,0.0279513344096009
27766,0.0280669078425743
27776,0.0280669078425743
28302,0.0276090072347644
28642,0.0277215927096909
28643,0.0276090072347644
28699,0.0274963633557986
29202,0.0279420658645208
29362,0.0279420658645208
29774,0.0277245374730457
29919,0.0551289286600086
29922,0.0278311747790444
30064,0.0225203534777715
30068,0.0279377532110396
30069,0.0551289286600086
30070,0.0277245374730457
30073,0.0280442725435284
30075,0.0555555947296338
30138,0.0280442725435284
30139,0.0276178415185942
30431,0.0280374084698969
30464,0.0278298019614088
30632,0.0280374084698969
30637,0.024346208402047
30638,0.0645324207966851
30783,0.0280374084698969
30797,0.027725910290677
30947,0.0279336347610399
30950,0.0280374084698969
30956,0.0279336347610399
31178,0.027727222845586
31185,0.0276258976305354
31186,0.06282600707419
31351,0.0275245139757277
31353,0.0275245139757277
31355,0.0279296970990927
31357,0.0556569199446787
31502,0.0278284894065001
31511,0.0278284894065001
31517,0.0280308457092249
31574,0.0280308457092249
31602,0.0276258976305354
31666,0.0276258976305354
31677,0.0276258976305354
32066,0.0276296667146204
32075,0.0276296667146204
32076,0.0276296667146204
32236,0.0276296667146204
32316,0.0278272330442577
32318,0.0275307957736464
32374,0.0279259280150152
32385,0.0278272330442577
32402,0.0278260291622474
32406,0.0280185445139254
32791,0.0276332783581281
32793,0.0275368151710184
32794,0.0279223163715005
32795,0.0275368151710184
32939,0.0280185445139254
32944,0.0278260291622474
32953,0.0278260291622474
32956,0.027729683089847
32957,0.0275368151710184
32958,0.0279223163715005
33092,0.0278260291622474
33113,0.0276332783581281
33116,0.0279223163715005
33118,0.0278260291622474
33351,0.0280127705507561
33357,0.0279188519887139
33509,0.0275425891341902
33512,0.0560255411015122
33513,0.0277308378849219
33514,0.0275425891341902
33841,0.0279155255434895
34071,0.0550962664034647
34074,0.0280072264832185
34155,0.0279155255434895
34229,0.0280072264832185
34232,0.055555594729627
34233,0.027731946700781
34328,0.0276400691861375
34479,0.027731946700781
34532,0.0280072264832185
34550,0.027731946700781
34568,0.0276432662485685
34570,0.0280018980533481
34572,0.0279123284810647
34579,0.0276432662485685
34792,0.0280018980533481
34794,0.0278226998630792
34949,0.0555555947296332
35179,0.0277330123890036
35197,0.0275534616316026
35198,0.0277330123890036
35205,0.0280018980533481
35216,0.0280018980533481
35254,0.0277330123890036
35264,0.0275534616316026
35292,0.0279967721544425
35511,0.0275585875305133
35513,0.027734037570962
35665,0.0276463417922452
35672,0.0276463417922452
35921,0.0276463417922452
35929,0.0173419922142756
35963,0.0275585875305133
35966,0.0278216746811292
35974,0.0279092529373746
35975,0.0278216746811292
36012,0.027906291670759
36014,0.0275635229679311
36480,0.0275635229679311
36629,0.0275635229679311
36645,0.0276493030588714
36649,0.0276493030588714
36687,0.0275635229679311
37346,0.00522731868911417
37354,0.0279870806081771
37357,0.0279870806081771
37360,0.0277359758843118
37367,0.0553042549610798
37368,0.0277359758843118
37372,0.0279034380014234
37378,0.0279034380014234
37394,0.0279034380014234
37397,0.0279034380014234
37399,0.027568279076768
37407,0.027568279076768
37505,0.0279006857580136
37671,0.0278188189526607
38069,0.0276549089716169
38076,0.0276549089716169
38079,0.0279006857580136
38086,0.0276549089716169
38088,0.0277368932994247
38090,0.0276549089716169
38095,0.0279824935422963
38097,0.0555553596849508
38127,0.0279006857580136
38228,0.0277377788093745
38232,0.027657565499578
38390,0.0277377788093745
38817,0.0278980292300482
38845,0.0277377788093745
38846,0.0277377788093745
38874,0.055315130999156
39255,0.0259319867946438
39256,0.0276601316039872
39258,0.0815450202332269
39259,0.0552417021216558
39520,0.0278954631256391
39521,0.0278170780739724
39558,0.0278954631256391
39561,0.0277386341781163
39655,0.0555553596849475
39663,0.0558626373870826
39664,0.0556322670491821
39678,0.0278929825337624
39827,0.0278162512094365
39973,0.0278929825337624
39974,0.111034281770264
39976,0.0279696548533202
39977,0.0606890716003021
39978,0.0208681855725167
39983,0.0278162512094365
40241,0.0278162512094365
40242,0.0278162512094365
40247,0.027662612195862
40271,0.0278162512094365
40300,0.0278929825337624
40301,0.027662612195862
40318,0.0275857048316274
40375,0.0277402609242795
40396,0.0120957971052419
40417,0.0279656554536555
40691,0.0278154513278125
40692,0.0278154513278125
40693,0.0278905828905781
40694,0.0275897042312934
40697,0.0448862248325153
40698,0.00172612210714733
40957,0.0278154513278125
40958,0.0275897042312934
40959,0.0277402609242795
40963,0.0277402609242795
40967,0.0279656554536555
40983,0.0279656554536555
40988,0.0278905828905781
40992,0.0278154513278125
41024,0.0279656554536555
41103,0.0275935757947795
41139,0.0276673347804201
41412,0.0277410352386126
41413,0.0276673347804201
41414,0.0278146770134771
41415,0.0519488009154576
41416,0.0661021892365035
41417,0.0278146770134771
41683,0.0278882599492128
41684,0.0278882599492128
41694,0.0277410352386126
41738,0.0276673347804201
41739,0.0276673347804201
41822,0.0278860097526495
41823,0.00173668018839524
42131,0.027597326117095
42132,0.0277417853046677
42133,0.055339169953952
42134,0.0279580335678547
42404,0.0278139269474237
42426,0.0278139269474237
42427,0.0559160671357094
42429,0.0278860097526495
42461,0.0278860097526495
42522,0.0279543983342499
42541,0.013977199167125
42578,0.0556263997983329
42853,0.0399698064947107
42854,0.0278838286094082
42855,0.0259417276895364
43124,0.0552727274709175
43125,0.0278131998991665
43142,0.0276009613506982
43252,0.0278817130715567
43282,0.00519372970653178
43290,0.0277432175327015
43574,0.0277432175327015
43575,0.0277432175327015
43576,0.0346681904747438
43978,0.0276759348147174
43979,0.0276759348147174
44009,0.0276759348147174
44012,0.00521630546704233
44293,0.0278796599149141
44294,0.0835710123535326
44295,0.0277439019187372
44586,0.0278796599149141
44692,0.0278111457349625
44693,0.027744566517131
44741,0.0278111457349625
45014,0.0276779286084783
45324,0.0554890743434408
45452,0.0277452122707815
45456,0.0277452122707815
45463,0.0139297145030339
45465,0.0278104999813066
46001,0.0276798658680628
46180,0.027809872187814
46674,0.0278738454823844
46718,0.0277458400642824
46845,0.0279347064986932
46901,0.0277464507283667
47395,0.0279347064986932
47398,0.0276206531862565
47616,0.0556788977539828
47620,0.0556788977539828
47622,0.0278086672081191
48105,0.027685364183765
48111,0.0278086672081191
48331,0.0277476237459024
48337,0.0279288414234109
48353,0.0279288414234109
48817,0.0277476237459024
48820,0.0278684944412851
48821,0.0278080885061867
48832,0.0278684944412851
48998,0.0277481875262397
49000,0.0277481875262397
49002,0.0276293371572695
49061,0.0276293371572695
49062,0.0279260225276773
49069,0.0278668031014637
49074,0.0277481875262397
49542,0.0278075247258481
50268,0.0276320847071868
50502,0.0279205956959113
50505,0.0278635469978047
51225,0.0174093591034573
51238,0.0676702340277894
51674,0.0279179817757451
51943,0.0156676337667134
51960,0.0277503059421738
52394,0.0276399292145184
52469,0.027860447858145
52664,0.0276424205031522
52666,0.0121456290264677
52681,0.0260675236398144
53118,0.0278049080511387
53190,0.0276424205031522
53399,0.0295898714011954
53401,0.0244200365469198
53827,0.0279105054503553
54124,0.0278039456019631
54559,0.0278560657373891
54560,0.0276995289922429
54563,0.0278039456019631
54844,0.0277009242858051
54845,0.0276495582248181
54846,0.0276495582248181
55264,0.0277522317483077
55280,0.00173651696268683
55546,0.0259697141944103
55548,0.0278030255901081
55680,0.0279035268965826
55999,0.027702289025858
56007,0.0278533057037695
56270,0.0277531317891028
56271,0.0538265934565329
56284,0.0278025804629918
56285,0.0276540584192632
56286,0.055456638882255
56642,0.0277531317891028
56992,0.0553611685693963
56995,0.0277535675077739
57004,0.0278021447443149
57007,0.0276562370080169
57420,0.0556042894886299
57422,0.0557013263364929
57433,0.0277049315613794
57434,0.0836489085221165
57435,0.027899122676935
57441,0.027899122676935
57714,0.00865706720623881
57717,0.0277062115695879
57726,0.00867051178810954
58140,0.0156849866178199
58142,0.166284582642713
58143,0.0294926807542051
58144,0.110872570276549
58146,0.0835004843947046
58154,0.0278017180746156
58155,0.0278969893329313
58156,0.0832141999245362
58161,0.0276583703520132
58447,0.0259753817512845
58851,0.0278948995236983
58859,0.0277074654568934
58863,0.0762079574046189
58869,0.0190389729275777
58881,0.0556494293846159
59575,0.0834943974427042
59578,0.0278008905305454
59581,0.0278008905305454
59582,0.0312191322185892
59584,0.027754821721543
59598,0.0278928516213271
59600,0.0278928516213271
60295,0.0830389299492484
60296,0.0832656696949434
60300,0.0554651219611494
60301,0.0277552232316478
60302,0.138775940114047
60303,0.0556009780408776
60314,0.0278456960001318
60318,0.0278456960001318
60319,0.0276645156098734
60320,0.0276645156098734
60321,0.0553290312197468
61018,0.0278000952859443
61019,0.0557333902042538
61020,0.0833110352710663
61021,0.0225969530220593
61022,0.0207735374754324
61023,0.0502683186377179
61024,0.0278445147974826
61034,0.138733430462551
61035,0.166533114467163
61039,0.0104034881038807
61040,0.126687435135579
61041,0.138955704068687
61042,0.0278888754067712
61725,0.0277997090450931
61727,0.0836172444888963
61731,0.0557303002823145
61732,0.0278869442065818
61739,0.0831803631773585
61740,0.111067366283731
61741,0.0277122386538964
61742,0.0277997090450931
61744,0.0762715293133815
61745,0.0278433560757327
61756,0.0555553596849509
61758,0.0277122386538964
61759,0.131974182835602
61760,0.203053788898346
61763,0.0505427043758708
62307,0.0278850491290244
62448,0.0830109316677734
62449,0.0556843791578069
62450,0.0555986600575651
62452,0.0553406211118489
62461,0.0278850491290244
62472,0.0277133757020314
62476,0.0553406211118489
62479,0.0277993300287826
62481,0.069411705215023
62482,0.377291990917667
62483,0.0486694990455961
62484,0.0278850491290244
62485,0.0835266570827803
63024,0.0278831888892948
63025,0.0556400608622336
63027,0.110942492238975
63028,0.161370636428144
63169,0.110773325286185
63199,0.0277144918474419
63202,0.0830588334387434
63203,0.159414421031908
63204,0.111237623898077
63205,0.0278411028821873
63742,0.0277985926533808
63743,0.083146587503628
63883,0.055762724519658
63884,0.13928274522852
63886,0.0555971853067616
63909,0.027881362259829
63912,0.05543117565334
63914,0.111359968719118
63915,0.02771558782667
63955,0.027881362259829
63956,0.027881362259829
64599,0.111355368545029
64600,0.111477634586955
64601,0.0556778607715556
64602,0.166666960515686
64603,0.166340624175572
64604,0.0831499930315536
64605,0.0278389303857778
64625,0.0156870159274135
64634,0.027675791617891
64635,0.0553924559617422
64636,0.0554333286877024
64638,0.0555964676281372
64639,0.0278389303857778
64678,0.0278389303857778
64679,0.0278795680670591
64680,0.0278389303857778
65319,0.027677554496483
65320,0.0277978812376062
65321,0.111191172467855
65322,0.0277578310144897
65323,0.0555957624752123
65324,0.0277978812376062
65350,0.027677554496483
65351,0.0277978812376062
65363,0.0277177220724988
65364,0.0831531662174963
65397,0.0278778051884651
65398,0.0278778051884651
65399,0.027677554496483
65400,0.0277177220724988
65401,0.0833131906994378
66039,0.0261328991459876
66040,0.0555163550859262
66044,0.0553585742704277
66045,0.0277975347091295
66046,0.0556343677815563
66047,0.166509473296599
66048,0.0833925453245194
66049,0.0835497386945868
66050,0.0836282176491998
66057,0.0836282176491998
66116,0.0278760725497333
66117,0.0277187616572002
66118,0.0831167518133908
66119,0.0276792871352139
66626,0.0278358110144464
66737,0.0277197837151831
66757,0.00172915189473853
66758,0.0278743691221686
66759,0.0278743691221686
66769,0.0276809905627796
66770,0.110801548555925
66771,0.110917810736357
66772,0.194502712562282
66773,0.138985793626347
66774,0.111343185173953
66776,0.0277971940228917
66777,0.0554783019443805
66781,0.0556716220288929
66783,0.0557487382443371
66784,0.0556715631450602
66785,0.0278743691221686
66786,0.0277197837151831
66788,0.166705695027502
66789,0.0836231073665057
66836,0.138869825210916
66837,0.0276809905627796
66886,0.0276809905627796
67311,0.0556316648736402
67404,0.0277968589817897
67471,0.0277207888377767
67472,0.0277968589817897
67477,0.0277588532703026
67491,0.0277207888377767
67492,0.110806909205032
67493,0.0277207888377767
67494,0.13867960312524
67495,0.11095922549512
67496,0.139021947811988
67497,0.0277968589817897
67498,0.0277588532703026
67501,0.0554796421080793
67502,0.055365331529479
67507,0.0555177065406051
67509,0.0831623665133301
67510,0.0557074998120582
67555,0.0554796421080793
67556,0.0554415190350421
67557,0.0277588532703026
68080,0.0557048631369803
68128,0.0278338171378249
68129,0.0278710459991554
68184,0.0556303465347064
68185,0.166666960433082
68186,0.055630228854365
68194,0.0277591828552096
68203,0.0556675753960369
68204,0.111148712245126
68205,0.0557048631369803
68213,0.138795620667511
68214,0.0278338171378249
68215,0.22229677784069
68216,0.13868358112149
68217,0.0278710459991554
68276,0.110812182555191
68277,0.0833891768227725
68320,0.0278338171378249
68321,0.0278710459991554
68325,0.0278338171378249
68326,0.144400347068009
68524,0.0417886935790129
68800,0.126449090296327
68801,0.0242263447212985
68849,0.0553718704639024
68851,0.0207673301360738
68901,0.0243525946296154
68902,0.0209003550218957
68903,0.206386397842742
68904,0.0762810308032917
68906,0.0554822576859941
68907,0.0277962050869642
68908,0.0277227505208686
68910,0.0277595071651255
68911,0.0553718704639024
68912,0.111184291303073
68913,0.111111306981717
68914,0.0277962050869642
68919,0.0278328442087589
68920,0.0277595071651255
68924,0.0278694244529983
68925,0.111221400669607
68926,0.0277227505208686
68927,0.166703540833139
68928,0.0276859352319512
68929,0.0556290492957231
68930,0.0277595071651255
68931,0.138650333236861
68932,0.11122122426959
68935,0.0276859352319512
68996,0.111221282992008
68997,0.0278328442087589
69041,0.0277962050869642
69046,0.176645619890227
69047,0.15289031398237
69243,0.0243343316911142
69244,0.112521581186655
69245,0.10578194475602
69523,0.0833154211035426
69574,0.0104059874395876
69621,0.00519621834298293
69622,0.0328944871059245
69623,0.0556637731661319
69624,0.0277958858781752
69626,0.0554834171506981
69627,0.0555917129569823
69628,0.111183484713333
69629,0.0277958858781752
69630,0.0277598263739163
69632,0.0555195940247355
69635,0.0834596590443071
69636,0.0556997149954919
69637,0.0277598263739163
69641,0.0555195940247355
69642,0.0554112394190833
69643,0.0554112394190833
69652,0.027687531272523
69653,0.027687531272523
69713,0.0277958858781752
69715,0.110822478838167
69718,0.0833515393308986
69736,0.0277958858781752
69739,0.0277598263739163
69962,0.0069466803027873
69963,0.0138473305944259
69964,0.00173195809409341
69969,0.0278309437600111
70283,0.0556972008029099
70284,0.0278309437600111
70285,0.0277601406484874
70295,0.0416573728413769
70296,0.0260906815446874
70297,0.113028059978272
70338,0.0278309437600111
70341,0.0556972008029099
70342,0.110898545229768
70343,0.0278309437600111
70349,0.0277246509696121
70350,0.0277246509696121
70352,0.0553782052841122
70353,0.0278309437600111
70354,0.0277955716036012
70358,0.0278309437600111
70414,0.16702085809591
70415,0.0555557122520886
70416,0.0831384045812803
70417,0.0554493019392242
70418,0.0277601406484874
70419,0.0556618286464999
70424,0.0278662570428987
70433,0.0554137536116682
70438,0.0277601406484874
70448,0.0277601406484874
70451,0.0555557122520886
70681,0.00348200541706473
70682,0.163045955376164
70687,0.0277604501491441
70688,0.0555553596849486
71002,0.0555209002982882
71003,0.0554511589418588
71005,0.0276906501420688
71019,0.0278300152586977
71053,0.0278300152586977
71054,0.055693099887903
71067,0.0277604501491441
71069,0.0554162296129982
71070,0.0278647095428797
71071,0.0278647095428797
71133,0.110972059240147
71134,0.0831068797550671
71138,0.0277952621029469
71139,0.111111424504182
71140,0.0277604501491441
71141,0.0832464797692176
71142,0.0833161624012351
71144,0.0553813002841377
71400,0.0835213275065071
71401,0.0173210115068962
71402,0.0556239401721052
71403,0.0277949572221619
71404,0.0277264941126427
71405,0.0138637826124596
71406,0.0555214513348047
71407,0.0833164085569666
71409,0.11107710478949
71411,0.0277949572221619
71722,0.0277264941126427
71723,0.0276921745427746
71747,0.0277949572221619
71780,0.0277264941126427
71783,0.0278631851421726
71786,0.0556922857591549
71788,0.0277607550299325
71789,0.0278291006169822
71791,0.0278631851421726
71793,0.0277264941126427
71835,0.0276921745427746
71880,0.0277949572221619
72123,0.0277610554389329
72124,0.0365017037013195
72125,0.0294279542141418
72127,0.0277273953390169
72129,0.0833165327883812
72131,0.0277946568131613
72140,0.112785315703251
72141,0.0782066846175324
72403,0.0556228562037704
72439,0.0835850493010067
72440,0.13900653251747
72449,0.0556228562037704
72496,0.0278616831003356
72497,0.0138989020935547
72498,0.0278616831003356
72499,0.0278281993906092
72500,0.0555221108778659
72503,0.055488333397772
72505,0.111077705607492
72506,0.0311569678691122
72507,0.0831484086081545
72508,0.111111189317218
72552,0.0555221108778659
72553,0.0278616831003356
72554,0.083484539304106
72555,0.361531323377776
72556,0.139241448082225
72557,0.0277273953390169
72574,0.083350310268475
72575,0.0278616831003356
72592,0.0277610554389329
72842,0.111044877398202
72843,0.0276951569797453
72844,0.0556216718857862
72846,0.0554896350959302
72860,0.0399097826353846
73158,0.305242242721491
73159,0.138542038093932
73160,0.0554896350959302
73166,0.0277613515185824
73167,0.0277282835773478
73171,0.0277613515185824
73215,0.0278273111522795
73216,0.0555227030371648
73217,0.110880007711789
73219,0.166435543785048
73220,0.0554234405570931
73221,0.0553903139594906
73223,0.0277613515185824
73224,0.0276951569797453
73226,0.0276951569797453
73231,0.0278273111522795
73273,0.027860202705205
73274,0.0832508692318344
73275,0.138872129544851
73276,0.139004577628156
73277,0.138641300574003
73278,0.138872717226609
73279,0.0277943607335067
73293,0.278141133389553
73294,0.0555557122520891
73295,0.0276951569797453
73315,0.0277943607335067
73316,0.027860202705205
73364,0.0555226443108545
73560,0.0260865254838987
73561,0.0277616434059447
73562,0.0730428182620407
73563,0.166796485744037
73564,0.0276966164134501
73565,0.0277291592388074
73566,0.00347577694117104
73570,0.0104339027707608
73934,0.0278264354908208
73935,0.050394526621957
73936,0.0814876515810626
73937,0.0554257756522574
73939,0.0277616434059447
73940,0.0278264354908208
73942,0.0556851787623186
73943,0.0485519126539694
73951,0.0276966164134501
73952,0.0555557122520907
73953,0.0556851787623186
73978,0.083284930217834
73995,0.0554257756522574
73996,0.138645737535817
74003,0.0277616434059447
74004,0.027794068846146
74005,0.0278587432714978
74012,0.111208583233732
74013,0.110851551304515
74281,0.00173037843959819
74282,0.0295629320358226
74283,0.0276980555454575
74284,0.0556511440207987
74288,0.0382368023609666
74289,0.048574867256086
74291,0.00865489232596257
74299,0.00173536987272774
74577,0.0832219766714118
74593,0.0277619312329566
74595,0.0278573041394925
74597,0.0278573041394925
74598,0.0278573041394925
74599,0.0277619312329566
74603,0.0277300227192276
74604,0.0277300227192276
74605,0.0554600454384552
74606,0.0555557122520897
74607,0.111302229179424
74608,0.0278573041394925
74609,0.0555238624659132
74616,0.111111424504179
74618,0.0556510851586256
74655,0.0554600454384552
74657,0.0278255720103994
74662,0.05555535968495
74663,0.0833491995662563
74664,0.0278255720103994
74673,0.0278573041394925
74695,0.0278255720103994
74696,0.194619872664471
74697,0.0277300227192276
74699,0.027793781019133
74700,0.0277619312329566
74721,0.027793781019133
74722,0.0278255720103994
74756,0.0278255720103994
75002,0.0364165151207911
75004,0.00695812095843934
75005,0.0242909597553814
75011,0.0557117693476038
75025,0.0190833431821924
75233,0.0278558846738019
75235,0.0277308743998421
75298,0.0277934971253982
75302,0.0277934971253982
75311,0.222097368644798
75313,0.0277934971253982
75314,0.0554303494109866
75325,0.027762215126693
75326,0.0556180998004949
75327,0.0555553596849464
75328,0.166917039913959
75329,0.250328636839853
75338,0.0832551872632357
75354,0.027762215126693
75357,0.137265108917509
75382,0.0832864692619409
75383,0.194554068383857
75384,0.027762215126693
75390,0.0278558846738019
75391,0.0554930895265351
75414,0.166353788348508
75415,0.055398950022289
75416,0.055398950022289
75422,0.027762215126693
75434,0.0278558846738019
75443,0.0554616901378375
75445,0.0278558846738019
75519,0.0278558846738019
75723,0.0329619513474396
75724,0.131889375382094
75725,0.00520906955866482
75731,0.105695541984854
75732,0.0138841305306568
75734,0.0225563065116363
75949,0.0556169794718042
75950,0.0277008754227458
75954,0.0834715813863275
76023,0.0277624952096053
76024,0.0833489292945791
76026,0.0278544842621988
76030,0.0277008754227458
76034,0.027731714647988
76038,0.0278544842621988
76046,0.194490546618447
76047,0.444414330038021
76048,0.389411316094383
76049,0.416835753944903
76050,0.111356728687681
76057,0.0278238800816418
76058,0.0278544842621988
76076,0.0226300965225258
76077,0.0277008754227458
76078,0.0711237780720527
76079,0.0278544842621988
76080,0.0278238800816418
76103,0.0832256309271335
76112,0.0555863752912471
76113,0.111295343815645
76114,0.0555557122520923
76116,0.0834716402449254
76118,0.0278544842621988
76153,0.027731714647988
76164,0.0554940924652327
76165,0.027731714647988
76170,0.0833794159526738
76198,0.0831334654934797
76237,0.0278544842621988
76444,0.0677523675874982
76445,0.00867751542172462
76449,0.027792940652361
76450,0.0554348011881981
76451,0.0556159915642194
76452,0.0364001457943868
76453,0.0190639951605069
76457,0.0155813349892053
76458,0.0832278592352648
76459,0.027792940652361
76668,0.0277325438177675
76673,0.0554953154174973
76674,0.0831673450059656
76700,0.0277325438177675
76739,0.0277325438177675
76740,0.0556761532263778
76741,0.0833787631639492
76744,0.0554348011881981
76745,0.0833184838518206
76753,0.055585646132287
76760,0.0278531023145195
76763,0.111292144790597
76764,0.139085085442958
76765,0.0277627715997298
76766,0.0277022573704305
76767,0.138602087528789
76768,0.304967005322682
76769,0.30523882031526
76770,0.40113399807422
76778,0.0554045147408611
76780,0.0556461018237167
76781,0.194610510992448
76782,0.0278531023145195
76786,0.0278230509118584
76791,0.027792940652361
76798,0.0554045147408611
76800,0.0834089322165804
76805,0.0555557122520908
76806,0.0554348011881981
76816,0.0556761532263778
76817,0.0278531023145195
76819,0.0277627715997298
76832,0.0833483003373111
76833,0.138843498232343
76834,0.0278230509118584
76835,0.194580518382921
76836,0.13893424037111
76837,0.194821400331495
76838,0.194338696255135
76839,0.305631663702479
76840,0.222463966256878
76841,0.0278230509118584
76848,0.0278531023145195
76849,0.027792940652361
76866,0.0556159915642194
76876,0.0277022573704305
76877,0.0831976314533025
76878,0.0277627715997298
76908,0.111171468643875
76956,0.0173342579597387
76957,0.0294267801561802
76959,0.027792940652361
77164,0.0624013525670062
77165,0.0539062677746743
77166,0.0295433224483233
77169,0.0155969985766314
77170,0.0278517382615883
77171,0.0277630444108919
77172,0.0277926678411983
77173,0.00869237037964865
77174,0.053939922808315
77175,0.00173403138948646
77176,0.00519838045946554
77177,0.0156271275424665
77466,0.0277926678411983
77479,0.0832888983132028
77483,0.0831406050973973
77484,0.111022319230982
77489,0.0277333622506772
77490,0.301486288410425
77491,0.222162896950658
77502,0.194429828474569
77503,0.167021912221618
77504,0.0730808458958941
77505,0.0277926678411983
77508,0.0834370151514311
77509,0.111170612572239
77510,0.0277333622506772
77518,0.110903649508289
77519,0.0277630444108919
77521,0.0277333622506772
77526,0.0832000280849291
77537,0.0277926678411983
77539,0.0278517382615883
77541,0.0277926678411983
77542,0.0277926678411983
77548,0.0278222324789509
77553,0.0555260300918755
77554,0.0832000280849292
77555,0.333155475479775
77556,0.250133305248404
77557,0.13869637601659
77558,0.111110954414576
77559,0.111229330425488
77560,0.0832887219356256
77561,0.0833184040958403
77588,0.0277630444108919
77589,0.0555853356823965
77590,0.111318435698441
77591,0.194785074280178
77592,0.0556444649579017
77593,0.0556444649579017
77594,0.0278222324789509
77602,0.0278517382615883
77603,0.0278222324789509
77628,0.0832000280849291
77634,0.0277333622506772
77884,0.0748350073151452
77885,0.107515254981414
77886,0.0901868048929572
77888,0.00174132758335661
77889,0.0555553596849491
77890,0.0555265687753742
77891,0.0277923984991711
77893,0.0537664913484872
77894,0.0867625699132061
78109,0.0278214244534236
78200,0.0556718160077083
78210,0.0555557122520909
78211,0.277603289225834
78212,0.194778820568043
78213,0.0277923984991711
78223,0.194022383351267
78224,0.0554682818835841
78225,0.222135183718105
78226,0.30597702915984
78227,0.249898673539134
78228,0.0832023347605
78232,0.0277049681306644
78242,0.0556718160077083
78246,0.0277049681306644
78248,0.0557007831085693
78249,0.0557007831085693
78250,0.0277633137529197
78251,0.0831733086830705
78252,0.110936681104812
78253,0.194343020017509
78254,0.111053196281214
78255,0.0555557122520909
78257,0.0833187321066907
78259,0.0555557122520909
78260,0.0831732500142485
78263,0.0277633137529197
78264,0.0833767841383727
78265,0.0278214244534236
78267,0.0277923984991711
78268,0.055526392584088
78269,0.111198384783082
78274,0.0554391384068674
78275,0.138641590566655
78276,0.111053078758749
78277,0.0834352474060184
78278,0.333421116268982
78279,0.166375760842858
78280,0.166695516245063
78281,0.166346558697319
78282,0.194342961287043
78309,0.027734170276203
78310,0.360602089615856
78311,0.0554974840291227
78315,0.0277049681306644
78316,0.0277049681306644
78396,0.0556138229525948
78397,0.01914737015394
78604,0.107563648271792
78605,0.0138567364494778
78606,0.0278490616625703
78609,0.0277062980223816
78610,0.0521359594928606
78611,0.0451354452697161
78612,0.0226231391140298
78618,0.0190693568287594
78830,0.0277635797318285
78863,0.0277921325202641
78907,0.0277921325202641
78908,0.0834618795518029
78916,0.0277635797318285
78921,0.0556412530345353
78931,0.305313131435109
78932,0.278063207334252
78933,0.111111306981715
78945,0.110882532469472
78946,0.110853862279499
78950,0.0277349682123547
78961,0.0555557122520926
78962,0.0554412662347362
78963,0.0277062980223816
78968,0.0556126413943988
78969,0.0277921325202641
78971,0.0277349682123547
78975,0.0278206265172676
78977,0.0278206265172676
78979,0.0277349682123547
78980,0.0278490616625703
78981,0.0277349682123547
78984,0.0278206265172676
78985,0.0833476096067534
78986,0.0832616577073334
78987,0.0277349682123547
78988,0.0277062980223816
78989,0.0277062980223816
78993,0.0277921325202641
78994,0.0277921325202641
78998,0.305398613124255
78999,0.11122540043193
79001,0.0277635797318285
79047,0.0278206265172676
79048,0.0278206265172676
79094,0.0277635797318285
79095,0.050291760138917
79096,0.0277349682123547
79098,0.0278206265172676
79324,0.0277076116103275
79326,0.0556675864380093
79327,0.0347275711547806
79329,0.0537368716014669
79332,0.0815428975392432
79333,0.0745422028465243
79334,0.100765216320519
79549,0.166358190013429
79550,0.138734953998656
79551,0.222446479857737
79552,0.166470534288956
79553,0.138818742219544
79627,0.0277638424499717
79651,0.0554714540602991
79652,0.0831509795868926
79657,0.0555276261683582
79658,0.0556675864380093
79661,0.0277638424499717
79675,0.0277357563662377
79681,0.0277357563662377
79687,0.0278198383633888
79689,0.0278198383633888
79691,0.0277638424499717
79697,0.0277357563662377
79699,0.0277357563662377
79700,0.0554433679765651
79701,0.0554433679765651
79703,0.222530620645769
79704,0.250210028531445
79705,0.166694400183256
79706,0.38900103741226
79707,0.250126181756833
79708,0.13898725878099
79709,0.166806920771877
79710,0.055499481412448
79711,0.0277638424499717
79718,0.0277076116103275
79720,0.083263441266181
79721,0.111083397152036
79722,0.055695496149241
79723,0.0278198383633888
79725,0.0277918698021205
79726,0.0278477480746205
79769,0.0555276261683582
80045,0.0381286373173626
80046,0.0831819794579664
80047,0.185804947815626
80050,0.00173245488554263
80052,0.0329971650374727
80054,0.0330571498023092
80056,0.0278464502959962
80272,0.027736535034508
80273,0.027736535034508
80301,0.0554454444234584
80354,0.0277641020062471
80372,0.0277641020062471
80377,0.0278464502959962
80382,0.0278464502959962
80383,0.0555006370407551
80394,0.0278464502959962
80397,0.0277089093889504
80407,0.0278190596951201
80409,0.0555006370407551
80410,0.11105605539952
80412,0.0277641020062471
80413,0.0555553596849466
80418,0.027736535034508
80420,0.0556655099911163
80424,0.0277089093889504
80425,0.0831543538124088
80426,0.416405338914175
80427,0.388889045585426
80428,0.47251127381743
80429,0.166914240473923
80430,0.055528145280353
80431,0.0832371134014445
80432,0.0556381193902403
80439,0.222250063296458
80440,0.194430709940773
80441,0.194568544741145
80442,0.111028488718866
80443,0.0277089093889504
80444,0.0554730113951975
80446,0.138682557824903
80447,0.027736535034508
80449,0.027736535034508
80489,0.0277089093889504
80520,0.027736535034508
80767,0.109201698319114
80768,0.0503698781044288
80769,0.00696380851905831
80771,0.107632022101708
80772,0.0556634580746003
80773,0.0519845705475777
80774,0.0364451543704368
80775,0.0278451678488541
80776,0.0277643584962164
80779,0.0121479619183847
80988,0.0278182902257462
80989,0.0278451678488541
80992,0.0278451678488541
80993,0.111246165586345
81012,0.0277101918360991
81092,0.0277913537558726
81093,0.0556634580746003
81097,0.0554203836721982
81098,0.0277373045038784
81101,0.0555553596849532
81103,0.138794679756062
81104,0.0278451678488541
81115,0.0278451678488541
81120,0.0277913537558726
81121,0.0277373045038784
81129,0.0277913537558726
81132,0.0834546941939246
81133,0.166504871592161
81135,0.0277913537558726
81138,0.0277373045038784
81140,0.166612969981808
81141,0.0277373045038784
81142,0.0832926641888315
81144,0.0833470660079616
81146,0.0277101918360991
81147,0.221898201272021
81148,0.499676292442866
81149,0.37327466597884
81151,0.0278451678488541
81152,0.0277913537558726
81155,0.0226004692507894
81158,0.0555286582597509
81159,0.194431025162883
81160,0.222357648937289
81161,0.194566118812186
81162,0.250040904189173
81163,0.0834548118304728
81165,0.0277373045038784
81166,0.0277373045038784
81167,0.0278182902257462
81169,0.0277101918360991
81266,0.0278451678488541
81487,0.00173134184202811
81488,0.0364970365469112
81489,0.0555291652913592
81490,0.0277911002398013
81492,0.0277380650515579
81496,0.0138955501199006
81507,0.0278175296780686
81707,0.0277380650515579
81708,0.0277911002398013
81710,0.0277114594137712
81711,0.079768922830594
81712,0.0555555947296265
81714,0.0556350005109775
81811,0.0278439002711762
81813,0.0277646120122915
81814,0.111296430460222
81816,0.0556878005423524
81818,0.0556614299492448
81819,0.166931489816359
81820,0.0278439002711762
81825,0.0277646120122915
81826,0.0277911002398013
81832,0.0278439002711762
81841,0.0556086299178698
81846,0.0278439002711762
81849,0.0277114594137712
81851,0.0832938360368745
81852,0.083267171665864
81854,0.0556350005109775
81855,0.0554229188275425
81860,0.0277380650515579
81869,0.166348514718934
81870,0.30556936766609
81871,0.388994880692855
81872,0.262482452761409
81873,0.138796278167981
81875,0.0156057761174015
81876,0.0555026770638494
81879,0.166428214222017
81880,0.0833464599247487
81881,0.0277380650515579
81882,0.166798519912247
81885,0.0277114594137712
81930,0.0556086299178698
81934,0.0278439002711762
81959,0.0278439002711762
82207,0.0278167777839516
82208,0.0763511286855821
82209,0.0416990034005153
82212,0.0278426471160822
82214,0.027738816945675
82221,0.0399081285939883
82222,0.0278167777839516
82232,0.0554515295145411
82428,0.0277127125688661
82431,0.166900313752007
82432,0.0277127125688661
82434,0.0277908496082529
82439,0.0556594249000338
82440,0.0277908496082529
82441,0.027738816945675
82513,0.0278426471160822
82534,0.0554515295145412
82535,0.194223692603658
82536,0.0832424378565437
82537,0.0555036795895138
82538,0.138693967371085
82539,0.138927497153848
82540,0.166822470820755
82541,0.139031914936077
82543,0.0277648626438388
82548,0.0277648626438388
82552,0.0277648626438388
82562,0.0277127125688661
82568,0.0278426471160822
82573,0.0834761438404174
82574,0.0832684248209579
82580,0.027738816945675
82586,0.0556335555679031
82587,0.0277908496082529
82591,0.138693967371085
82592,0.249961313606787
82593,0.277778208693063
82594,0.0277648626438388
82598,0.027738816945675
82600,0.166744568551305
82601,0.166718287808463
82602,0.0277908496082529
82603,0.0278426471160822
82604,0.0277648626438388
82625,0.0277648626438388
82929,0.0832696639858813
82933,0.0555811447612937
82934,0.0833715701715812
82935,0.0556574422351051
82947,0.0555557122520895
82951,0.0278414079511596
83148,0.0278414079511596
83149,0.137443759445872
83150,0.377008464301559
83151,0.250191066884599
83152,0.111289510802996
83153,0.110932456976117
83154,0.0277395604456802
83155,0.0277651104773482
83158,0.0277395604456802
83159,0.0831674639132637
83185,0.0278414079511596
83186,0.0277651104773482
83260,0.0278160342839455
83261,0.0555553596849514
83264,0.0555046709230284
83269,0.0277139517337918
83271,0.0277395604456802
83275,0.0277139517337918
83283,0.0277906017747413
83295,0.0277395604456802
83299,0.0277139517337918
83300,0.0278414079511596
83313,0.0832186226568202
83314,0.0277651104773482
83315,0.0833713939688969
83320,0.138850279815583
83321,0.0555809683968398
83322,0.0277906017747413
83323,0.0556065184285078
83649,0.0555304762540426
83655,0.0277903566555546
83866,0.0278401823577935
83867,0.194781683940504
83868,0.333683465100236
83869,0.333408512661733
83870,0.333133736427484
83871,0.0831706504570511
83905,0.0277151773271547
83951,0.0278152989268879
83952,0.0277903566555546
83969,0.0555056513992759
83974,0.0834208956689027
83975,0.0556056555824426
83976,0.0555807133111093
83981,0.11121119353677
83984,0.0277653555965342
83985,0.0555306524582963
83988,0.0277653555965342
83989,0.0277653555965342
83993,0.0277903566555546
84012,0.0277903566555546
84015,0.0277903566555546
84020,0.13880154203754
84021,0.0278152989268879
84034,0.0277653555965342
84035,0.194357019297688
84036,0.0311846732455982
84037,0.111310962569363
84039,0.277852859355965
84040,0.166791906847879
84041,0.0555056513992759
84043,0.0278152989268879
84044,0.0278401823577935
84092,0.0833459513851843
84093,0.138826660513127
84094,0.222147610839291
84095,0.139101319224917
84110,0.0278152989268879
84369,0.0503881177032795
84370,0.0800149265254592
84581,0.0278145714695438
84583,0.167009421122487
84584,0.250379822470174
84585,0.144080385873536
84586,0.249668915872192
84587,0.166446080877197
84588,0.277581610114184
84589,0.278145361869114
84590,0.333529814286163
84671,0.0833212515992745
84672,0.0555799931906743
84694,0.333406940122514
84695,0.138876552497072
84696,0.0277655980824953
84700,0.0555557122520896
84701,0.0277655980824953
84702,0.0555555947296295
84705,0.0277163897543589
84706,0.0833947998087325
84709,0.0277655980824953
84712,0.0277410232600858
84714,0.0277655980824953
84715,0.0278145714695438
84733,0.0278145714695438
84737,0.0278389699305886
84740,0.0556291429390875
84741,0.0555555947296296
84754,0.0278145714695438
84755,0.388913620407594
84756,0.277458794893272
84757,0.114564287170044
84758,0.0555553596849475
84759,0.0277163897543589
84760,0.138729632439521
84761,0.0832721020064486
84763,0.139023707495711
84773,0.0277163897543589
84777,0.0277410232600858
84808,0.0278145714695438
84811,0.0556045680130839
84812,0.0278389699305886
84813,0.0277163897543589
84814,0.138803356854757
84815,0.221903435208325
84838,0.0277410232600858
84840,0.0277901141695944
84841,0.0278145714695438
85090,0.156144473067438
85095,0.0277898742383297
85096,0.0277175894081667
85097,0.0278377702767839
85105,0.0278377702767839
85301,0.0278377702767839
85302,0.278114421649789
85303,0.305303273666886
85304,0.388575752467011
85305,0.583561912104652
85306,0.277778326215522
85307,0.166690937834344
85308,0.33294893050682
85309,0.110870357632667
85310,0.0277175894081667
85391,0.0278377702767839
85392,0.055579689690007
85414,0.0277417430533793
85415,0.22207845545351
85425,0.0833934825288742
85426,0.0278377702767839
85427,0.0277898742383297
85428,0.0556037259145762
85433,0.0556516219530304
85434,0.0555074636464965
85435,0.166858603591011
85454,0.0554834861067585
85455,0.0555795133301632
85456,0.0833934825288742
85457,0.0278377702767839
85461,0.0556516219530304
85474,0.0554834274219273
85475,0.222246415143326
85476,0.38900957902118
85477,0.250180271480894
85478,0.194504554567482
85479,0.194792636135875
85480,0.111327162506598
85484,0.0277417430533793
85486,0.0278138516762465
85509,0.0278138516762465
85525,0.0832251704753066
85527,0.0277417430533793
85529,0.0833695639283367
85531,0.13866034929164
85537,0.0833933650064096
85539,0.0278138516762465
85551,0.0277417430533793
85564,0.0277417430533793
85816,0.0277424554110334
85817,0.0277187766692508
86022,0.0556731660313993
86023,0.55579132504455
86024,0.861193654026504
86025,0.583746125909527
86026,0.472164122118581
86027,0.416301525554402
86028,0.0555557122520907
86111,0.0833452902515488
86138,0.0277187766692508
86146,0.13887749997066
86148,0.0832981676631241
86154,0.0277660754664783
86155,0.110946084216013
86156,0.0556731660313993
86173,0.0277187766692508
86174,0.0278365830156996
86175,0.389006969354521
86176,0.33335689445309
86177,0.138853527348075
86178,0.0554848521357292
86179,0.0832509862885452
86181,0.166642811566547
86197,0.11104056438782
86198,0.194433035963974
86199,0.138830083650967
86200,0.18932880839482
86201,0.111299444668584
86202,0.0556497223342918
86205,0.0278365830156996
86213,0.0555084134548632
86218,0.0278131393185921
86228,0.0277424554110334
86231,0.0277660754664783
86233,0.0278131393185921
86244,0.0554612320802842
86248,0.0277896367856123
86256,0.0833687339486563
86257,0.0277424554110334
86547,0.0277199519067289
86552,0.027743160554515
86740,0.0278354077782197
86741,0.0835062233346592
86742,0.666828598765938
86743,0.75010402778226
86744,0.610857656436174
86745,0.194178856545992
86746,0.0277663105144743
86831,0.0833447614225645
86832,0.0277663105144743
86868,0.0555785683327348
86869,0.0278124341751128
86875,0.0277199519067289
86882,0.0277894017376159
86890,0.0834832497315523
86893,0.0278354077782197
86894,0.111272651469168
86895,0.194432624613999
86896,0.111018824713334
86897,0.222176490302798
86898,0.0555787446895871
86899,0.138900356152192
86900,0.277985559221118
86901,0.111018824713334
86917,0.0277663105144743
86919,0.0278354077782197
86920,0.0556018359127288
86921,0.249964775651162
86922,0.138692535436962
86924,0.0833907674631683
86925,0.0452314619016047
86931,0.0277663105144743
86935,0.0278124341751128
86937,0.0278124341751128
86938,0.0278354077782197
86946,0.0278354077782197
86948,0.111088215758576
86949,0.0278354077782197
86950,0.0556478419533326
86951,0.111134104374536
86952,0.0278124341751128
86953,0.0277663105144743
86967,0.0278354077782197
86975,0.0278124341751128
86978,0.0833219052441022
87254,0.0277891690227358
87256,0.0278342442062911
87272,0.0277665432293529
87460,0.2221773037352
87461,0.166462917386725
87462,0.111111130626345
87463,0.305295809649413
87464,0.0554649741773182
87583,0.0277438586986591
87584,0.0277438586986591
87587,0.166711918061989
87588,0.0554649741773182
87589,0.138922631612636
87590,0.0555553596849502
87594,0.0277211154786591
87595,0.166666490311295
87596,0.194704542726282
87602,0.0277438586986591
87603,0.0278117360309687
87607,0.0555330864587057
87608,0.0277438586986591
87609,0.0554649741773182
87612,0.0834577162682286
87613,0.0833898389359189
87614,0.222018277071675
87615,0.444467207419126
87617,0.111066114180101
87618,0.138877615166392
87619,0.0277211154786591
87620,0.0277211154786591
87640,0.0554876587080119
87641,0.0554876587080119
87642,0.083231517406671
87643,0.0278342442062911
87644,0.0277438586986591
87645,0.0729061701461612
87646,0.0347949126400908
87651,0.0277211154786591
87665,0.0555557122520887
87666,0.0277438586986591
87667,0.0278117360309687
87668,0.0277891690227358
87669,0.111201810107409
87670,0.13896811819624
87671,0.166553596628341
87672,0.139058503703872
87675,0.055623413229027
87683,0.0556459802372598
87686,0.111133697634578
87687,0.111224259497581
87689,0.0278342442062911
87697,0.083254143200054
87700,0.0277438586986591
87721,0.0833448812748245
87993,0.0278110446776877
87995,0.0277445500519365
88181,0.13896644620894
88182,0.0832557563559158
88303,0.0278110446776877
88304,0.055599983249174
88305,0.0556441366301422
88306,0.0556441366301422
88307,0.0277889385714863
88309,0.0554668177844295
88310,0.111044812355968
88311,0.0834330752016285
88312,0.0278110446776877
88313,0.0555335473612173
88314,0.0278330919524545
88315,0.0833445333011105
88316,0.111022177469377
88317,0.277822303383259
88330,0.11111142450419
88331,0.138767138826256
88332,0.0278330919524545
88333,0.0555553596849475
88334,0.388955246334803
88335,0.166755326183295
88362,0.027722267732493
88363,0.0277889385714863
88364,0.0277445500519365
88365,0.0278330919524545
88366,0.222288579668137
88367,0.111199731359766
88370,0.0278330919524545
88371,0.0277889385714863
88377,0.0556441366301422
88380,0.0834772285825967
88386,0.0278330919524545
88387,0.0833442982564338
88388,0.0555555947296242
88389,0.0555555947296242
88390,0.0139165459762273
88391,0.111111071937042
88392,0.277511877857478
88393,0.11111142450419
88394,0.0555555947296242
88395,0.0833889218206603
88397,0.055666183904909
88405,0.0277889385714863
88406,0.027722267732493
88407,0.110911353249416
88408,0.0277889385714863
88415,0.055666183904909
88416,0.111155460362687
88417,0.0278110446776877
88418,0.0555998656330632
88714,0.138834833417776
88887,0.0277670019357005
88900,0.027723409005559
89025,0.027723409005559
89026,0.027723409005559
89028,0.0832357044502358
89031,0.0832356457580048
89032,0.138899782161465
89035,0.0556639013587793
89037,0.0554468180111181
89038,0.111002647693705
89039,0.0278319506793897
89041,0.0278319506793897
89044,0.0555774206327759
89045,0.0278103599128842
89049,0.027723409005559
89052,0.166731967977495
89053,0.0555339451331332
89054,0.333311918689795
89055,0.333333215902834
89085,0.0277887103163879
89086,0.0833440700013367
89087,0.0832790037351885
89088,0.166536357873881
89089,0.0554904696334906
89091,0.0554686438223043
89093,0.0278319506793897
89096,0.0555122367524457
89098,0.0278103599128842
89103,0.0278319506793897
89104,0.0277670019357005
89106,0.0554904696334906
89107,0.2499676137355
89108,0.0555771854961349
89109,0.111241380821546
89110,0.333268560804334
89111,0.166688610183995
89112,0.111089481170532
89113,0.111176079510717
89114,0.194477026579551
89115,0.111176314463675
89117,0.027723409005559
89128,0.027723409005559
89134,0.027723409005559
89135,0.0832138786390496
89136,0.027723409005559
89137,0.166601717922977
89161,0.0277887103163879
89433,0.0556405015994842
89609,0.0277245396254569
89746,0.0555343973815661
89747,0.0278308200594946
89749,0.0278096815399896
89754,0.0277884841919296
89756,0.0555981657319193
89760,0.0555557122520891
89763,0.0278308200594946
89765,0.0277245396254569
89770,0.0278096815399896
89771,0.0278096815399896
89772,0.0832376808752528
89773,0.249946918544213
89774,0.194455092074886
89775,0.500127536565808
89807,0.0555131412497959
89808,0.138857396432567
89809,0.0277245396254569
89810,0.0277672280601594
89811,0.0831736188763708
89812,0.13892075347703
89814,0.0556193630799792
89815,0.0243529572706725
89816,0.0278308200594946
89820,0.0260720726822791
89824,0.138878182474737
89825,0.0555557122520891
89826,0.0555130238173866
89827,0.0832803105712025
89828,0.111047362415242
89829,0.305459707226871
89830,0.0277245396254569
89834,0.111004850196659
89837,0.0278096815399896
89838,0.0278308200594946
89847,0.055598048119654
89848,0.0554917676856164
89852,0.138984815655768
90152,0.0556387091424829
90153,0.0555557122520914
90154,0.0555971518921008
90155,0.0834062788704949
90156,0.0834890993233841
90157,0.0834062788704949
90158,0.111235861034584
90159,0.0278090093680215
90466,0.0277674521176395
90467,0.0277674521176395
90469,0.0277256599104882
90470,0.111194480221704
90471,0.0278296997744614
90473,0.0554722452720925
90476,0.0555553596849496
90484,0.0832813721625796
90491,0.0278090093680215
90492,0.194455044235422
90493,0.222326360175557
90494,0.333312995494035
90495,0.333395757339751
90532,0.0277674521176395
90535,0.111111306981717
90536,0.0833439136033004
90537,0.0173663636898205
90540,0.0556593995489227
90543,0.0555972695024734
90545,0.194371812388262
90546,0.0833022976136957
90547,0.0277256599104882
90548,0.0833436198194015
90551,0.0278296997744614
90552,0.0278090093680215
90553,0.0277465853616043
90554,0.0277465853616043
90568,0.0278296997744614
90571,0.0278296997744614
90857,0.0556369327262587
90874,0.0556166275969793
90875,0.0278285895149072
90876,0.0555148082521128
90877,0.11121295010763
91189,0.0277267701700407
91196,0.111192292411207
91197,0.0832621772065703
91199,0.0555555947296265
91200,0.0555758410331823
91201,0.0556571790298145
91203,0.0556571790298145
91212,0.166565023540755
91213,0.305443534689167
91214,0.583506720197831
91215,0.222201956267014
91253,0.0277267701700407
91254,0.0277267701700407
91255,0.0554945030365501
91259,0.0554535403400814
91260,0.0832415784221535
91265,0.0554535403400814
91267,0.0278285895149072
91270,0.166870187920217
91271,0.222222143960111
91272,0.0554945030365501
91288,0.027747251518275
91291,0.111253560323238
91292,0.0277880380820721
91577,0.0833832012320754
91593,0.0555557122520907
91594,0.0555357885549402
91595,0.166686766710609
91597,0.13869947693041
91598,0.0277479118401604
91913,0.111230555126906
91916,0.111011571100065
91917,0.055555594729627
91921,0.0277278707049644
91922,0.0277479118401604
91923,0.0278076828894666
91932,0.194533826652015
91933,0.166766167335055
91934,0.527608857520286
91935,0.566010326211529
91936,0.0521561177261641
91982,0.0554757825451248
91984,0.111309955919939
91985,0.111309955919939
91986,0.0278274889799847
91989,0.166845979688144
91990,0.305246601709324
92010,0.0556549779599693
92011,0.0554957649824345
92040,0.0277678942774701
92297,0.0554775283107817
92298,0.0833431944831967
92303,0.0278263978770259
92314,0.0278070282267666
92315,0.0834403955076213
92606,0.0278263978770259
92633,0.305389835786753
92645,0.0278263978770259
92650,0.0278263978770259
92651,0.0746716305893565
92652,0.30570174889524
92653,0.166569406819304
92654,0.166686271361606
92655,0.460055104322821
92656,0.161478397899744
92657,0.0278070282267666
92701,0.30583804186965
92702,0.166588952814967
92703,0.166491222877993
92704,0.360906221126501
92705,0.138995755192568
92706,0.0834209082525746
92708,0.0277875997535696
92709,0.416500907723792
93018,0.027730043763735
93034,0.0277683288901438
93035,0.166590566503452
93036,0.111130420194599
93326,0.027730043763735
93329,0.027787383361946
93353,0.416619089349158
93371,0.00520402468417239
93374,0.166533461788689
93375,0.140672414398458
93420,0.0554792594409962
93421,0.110977632094875
93422,0.0832857560158248
93423,0.110939346968466
93424,0.194244333598461
93425,0.0832093032047312
93426,0.194263505552424
93427,0.305717498595927
93428,0.111168411535251
93429,0.13870767585861
93434,0.0556316949735806
93478,0.0277492156772612
93739,0.222185069704206
94072,0.055574278707666
94073,0.444425897635001
94095,0.0277685435077887
94096,0.0832495198872397
94106,0.0277871687443018
94125,0.0277498595297504
94126,0.0278242428352478
94146,0.0833610948848257
94147,0.333426518218012
94148,0.194304892496819
94459,0.138715798635597
94793,0.305546377486727
94794,0.0278231783490375
94822,0.0277504982223769
94828,0.138843253272952
94865,0.083396854920452
94866,0.388852529219211
94867,0.527641242949272
94868,0.0277321813359125
94878,0.0278050965072505
95513,0.0832355013116564
95514,0.33352905608139
95515,0.139057574031007
95585,0.111039905423529
95586,0.416693214614887
95587,0.138719812005556
95600,0.0277332374855481
95604,0.0278044628165748
95610,0.0278221221994
95611,0.0278221221994
95612,0.0278221221994
95614,0.0278044628165748
95619,0.0278044628165748
95633,0.0277689676358579
95635,0.0277332374855481
96234,0.0555383545004495
96235,0.222117997621136
96236,0.277777914832198
96237,0.333455013749876
96238,0.277968732320761
96277,0.0278038339739166
96284,0.0278210741297821
96306,0.0277342855551675
96325,0.0555730112241413
96326,0.0834114431055634
96327,0.0834459822334807
96330,0.027751760755711
96331,0.083220331866046
96332,0.0277865350018648
96333,0.0834459822334807
96334,0.0278210741297821
96335,0.0277865350018648
96339,0.0277342855551675
96343,0.0277342855551675
96345,0.0278038339739166
96955,0.0277353257949663
96956,0.0832230364904004
96957,0.111009480894524
96958,0.11102642254937
96959,0.19448670055665
97041,0.0278032098291594
97046,0.0555047110935888
97047,0.0555726539069355
97048,0.0554877106954341
97049,0.0555557122520902
97054,0.0277353257949663
97067,0.0277693852986225
97679,0.0555059502789269
97786,0.0277530044937944
98361,0.111159721132334
98422,0.0278179759292619
98428,0.027753619678644
98429,0.166634782330279
98430,0.166521600651942
99081,0.13889690111456
99082,0.0556339154748136
99086,0.055618321872413
99088,0.0347523015676707
99154,0.0277700005304421
99193,0.0277384019475421
99801,0.166513482717321
99802,0.333379546999345
99803,0.125109048854637
99867,0.0278159464330371
99906,0.0278007573515308
99929,0.0556015147030616
100522,0.360835157085856
100523,0.28137643754563
100524,0.0556298835880228
100588,0.0277404178909386
100638,0.027800154567264
101015,0.138925250584837
101016,0.0556278872062401
101019,0.191120927096617
101243,0.305461250160158
101244,0.444633094470808
101306,0.0555990524966372
101351,0.0277851088935171
101735,0.111181262980717
101736,0.194634638049401
101738,0.0278129516478846
101964,0.361047406463299
101965,0.111195665523717
101967,0.138924258629603
102068,0.0555132097871038
102075,0.0555838709799559
102452,0.0834358971610928
102455,0.138758406638788
102456,0.388642010879515
102457,0.255263119971403
102458,0.111179643692819
102460,0.00173771730691746
102684,0.49987633570789
102685,0.611042852690253
102687,0.13886835655073
102688,0.111097416274463
102689,0.0555966790364934
102747,0.0278119657203643
102748,0.083326358620912
102788,0.0277709989359618
102842,0.0156434888660594
103172,0.248044560077578
103173,0.294858886265339
103174,0.111017756964984
103175,0.111138069180132
103176,0.0555290088290007
103177,0.0555557122520914
103178,0.0834065473323275
103180,0.0260100351200667
103397,0.0278109856169558
103404,0.333226931124472
103405,0.305575225613082
103406,0.111230737708553
103407,0.11120426938663
103408,0.166626876006769
103409,0.0555553596849472
103466,0.0277578138719423
103468,0.0833666978690471
103469,0.0277845172950329
103513,0.0277443740679915
103898,0.0277453485467175
104116,0.0277583985600019
104117,0.111124239527377
104125,0.166498191306874
104126,0.388654182973074
104127,0.442745812348318
104128,0.333385533523382
104129,0.111085441917753
104188,0.0277713898532151
104250,0.0555167383999325
104846,0.0537714503144114
104847,0.499899993326018
104848,0.138844903329511
104849,0.0277715836635244
104908,0.0277715836635244
104957,0.0121393115257879
105557,0.0278080782768432
105567,0.0277595582784719
105569,0.0277472814081045
105628,0.222161346953773
105629,0.055579972276936
105675,0.0832908342607266
105676,0.0555313347047829
105677,0.0277595582784719
106278,0.0278071195145674
106348,0.0277601335366432
106349,0.0833628317666596
106358,0.0277954611929802
106360,0.0277601335366432
106396,0.055555359684951
106441,0.0277719681791718
106997,0.138803470653732
106998,0.166757821194731
107008,0.0278061656174283
107069,0.0555557122520914
107694,0.0277833634500572
107714,0.0277501432806637
107718,0.0277501432806637
107719,0.0833058555327553
107720,0.0555995357294852
107742,0.0277943193251992
107743,0.0277833634500572
107789,0.0277943193251992
107798,0.0277833634500572
107836,0.0277723488020344
108183,0.0711777664699842
108184,0.0277831745082381
108412,0.0277937525001436
108437,0.0277725377438523
108440,0.0277510879877597
108442,0.0278042716971884
108448,0.0277618422294846
108509,0.0555236844589691
108903,0.0555555947296283
108907,0.0277727258194388
109157,0.0832768412753981
109158,0.0555144348195513
109159,0.166708061664956
109160,0.0277829864326514
109168,0.0277520283637045
109173,0.0277624064558468
109174,0.0277727258194388
109177,0.0277727258194388
109230,0.0555659728653028
109239,0.0277624064558468
109626,0.027802395104472
109849,0.0277729130631887
109850,0.0277827991889023
109875,0.444434519186361
109876,0.166804602065284
109877,0.361027392602935
109878,0.777827756739523
109879,0.305629916841018
109880,0.0833778208362988
109883,0.0277629681867027
109888,0.166696501275093
109959,0.0833974167518684
109997,0.0277529645804764
110347,0.02775389680728
110569,0.166732965389488
110594,0.0278014628776687
110595,0.36101112438774
110596,0.555355699590904
110597,0.0832713211381313
110598,0.333314130631668
110599,0.277863005023638
110600,0.138864616177177
110601,0.0277730995089451
110608,0.222269651213301
110609,0.111130215887532
110680,0.0277635275235713
111289,0.0832737349877181
111290,0.0277548252106638
111314,0.611111071937039
111315,0.277705073794043
111316,0.0555189097770543
111317,0.222231638274484
111318,0.249913034809095
111319,0.416488341719427
111320,0.138920689512482
111321,0.0833105374627546
111328,0.0277640845663905
111329,0.027782427062078
111399,0.0277915101632376
112022,0.0277557499546617
112033,0.305621795814094
112034,0.527773763954391
112037,0.0277557499546617
112038,0.0277557499546617
112040,0.0277557499546617
112042,0.0277646394135685
112043,0.0555557122520915
112044,0.027790955316057
112753,0.0555218633629855
112754,0.277685476784214
112756,0.0555973769681045
112757,0.138993442420261
112758,0.250163338606928
112759,0.138960181178656
112760,0.0277986884840523
112782,0.0277904025675382
113428,0.083385392974538
113429,0.0277977705762347
113472,0.0277657429075573
113473,0.0277575891087151
113476,0.361026984627159
113477,0.694560814097216
113478,0.666626661457218
113479,0.249850858438198
113483,0.0277575891087151
113646,0.0277657429075573
114148,0.11114187108709
114149,0.111111306981718
114192,0.305651592344774
114197,0.500023128763529
114198,0.333410389994091
114203,0.027781691335593
114212,0.0277893029853478
114867,0.0277668387653336
114868,0.0277815089951144
114912,0.111059873093844
114913,0.0833444682163832
114914,0.166630490558573
114915,0.0277742032569764
114916,0.0833806442626584
114917,0.63900935503444
114918,0.583366326600018
114919,0.333326556422725
114920,0.0277887559642924
115631,0.0277813272292201
115632,0.111159608539501
115633,0.111083420678027
115634,0.0277743850228705
115635,0.0555417690854984
115636,0.305517588929785
115637,0.666750149301632
115638,0.41662124857087
115639,0.0555277084259363
115645,0.0833851059649224
116299,0.0555622332471009
116352,0.0555491324888863
116353,0.0555688130103051
116356,0.166699447918584
116357,0.166574080073295
116358,0.166594113106178
116363,0.250101809886001
116364,0.250069263706725
116365,0.0832836914077951
117072,0.0277747469516244
117076,0.0277621340032529
117078,0.0277684698481247
117083,0.22212241540551
117084,0.0277621340032529
117791,0.0277630351132533
118520,0.0277860449144959
118521,0.0277914257392246
118522,0.027780605311211
120674,0.0833576101567596
121394,0.0277716950794931
121396,0.0555637898727207
123552,0.0833468438097435
124991,0.0277812385871851
125714,0.027778826431913
126431,0.138896071217322
127151,0.111107192549488
127869,0.027776475027764
127871,0.0555529500555279
129300,0.0277780617919413
129301,0.0277779442684834
130021,0.0555557122520907
131461,0.027776475027764
132180,0.0833328336705879
132181,0.111107662633747
132182,0.0104177531774092
132901,0.0277816482587659
132902,0.0277801784179463
133620,0.0833364205324548
134340,0.0277767090511127
134341,0.0277834152050054
134839,0.0607573657302609
134840,0.0225653209459499
135559,0.137144423042587
135561,0.0555616581523339
136280,0.0277761775830846
136281,0.138890547841264
137001,0.0555481112793757
138441,0.0815865284378763
138442,0.111080040623301
139161,0.027784970066318
139162,0.138891436507843
139163,0.0277657253568267
139882,0.166630688904785
139883,0.166610012634842
140602,0.138929871947302
140603,0.361124994140622
140604,0.0277695498151325
141323,0.111117282408263
141324,0.0555553596849506
142043,0.0277932256816959
142044,0.333376861683277
142045,0.0642233419167719
142764,0.166679414830027
142765,0.010422295891998
143484,0.0833439229190899
143485,0.194406516992746
143486,0.0382064822574471
144205,0.361056279009191
144206,0.230863873398143
144207,0.0833296804951728
144925,0.111141694779181
144926,0.444444522792838
144927,0.138861905385564
145646,0.222214166299183
145647,0.416703065057612
145648,0.0277657429075578
146366,0.0555807463473023
146367,0.333333568306903
146368,0.305559972741513
147087,0.222178519143131
147088,0.444435574544736
147089,0.277716276128762
147807,0.0277915101632378
147808,0.444498903838914
147809,0.33333374465204
147810,0.0277548252106645
148528,0.0277730995089434
148529,0.277720600467447
148530,0.249947618521093
149249,0.250083973213211
149250,0.416652248816803
149251,0.0277629681867019
149969,0.0278033313212446
149970,0.305602355079329
149971,0.138853015981829
149972,0.0277520283637054
149981,0.0277727258194375
150690,0.0278042716971882
150691,0.36107384332919
150692,0.277735250363516
150693,0.249888490403765
150694,0.111068642469335
150695,0.138830543448797
150696,0.0277510879877596
151412,0.194416633628806
151413,0.0555444626058647
151414,0.333167996393527
151415,0.416748806297571
151416,0.277733562559166
151417,0.0833389581796847
151418,0.166600343896819
151894,0.0277723488020337
152132,0.222302315456566
152133,0.33329938544819
152134,0.194564163179968
152135,0.361036832614483
152136,0.194484285367365
152137,0.444455682033915
152138,0.194416095827198
152139,0.0277607058757352
152853,0.0278071195145682
152856,0.0555792052658999
152857,0.0833511734450725
152858,0.277777856175863
152859,0.305561776494985
152860,0.0555202083495514
153578,0.0833639081027147
153579,0.166642171648464
153580,0.194450778737433
154297,0.0556180841774705
154298,0.0277715836635229
154299,0.138882890645242
154300,0.388813952517777
154301,0.0555179012597349
155020,0.0277843223988761
155021,0.249980718703849
155741,0.182331924189289
155742,0.0556087664746416
155748,0.0277711949570584
155749,0.0277977808576847
156461,0.138950407641999
156462,0.333319912773578
157181,0.250077833031629
157182,0.215371164899162
157183,0.0277424080370643
157187,0.0277989604779047
157189,0.0277708017500394
157902,0.28988849913275
157903,0.0277851088935166
157906,0.0277414160818288
157907,0.0277995556518877
157908,0.0277414160818288
158622,0.083415250928541
158628,0.0278149417940135
159344,0.0278007573515318
159348,0.0277855094603467
160229,0.0278169577374072
160784,0.0277536196786448
160785,0.0555234165702841
160790,0.0277697968916393
161504,0.0278025902358343
161505,0.0555721820657136
161507,0.0555224788712607
162226,0.0277863269534666
162227,0.0278200338899841
162228,0.0555557122520914
162948,0.0277517607557108
162950,0.0277865350018634
163665,0.0277689676358565
163667,0.0278221221993974
164383,0.0277321813359134
164384,0.027750498222379
164386,0.027823178349035
164387,0.0554826795582924
165103,0.0416238295412325
165104,0.0277871687442996
165106,0.0277685435077913
165107,0.027824242835248
165108,0.00695143379996908
165824,0.0277873833619474
165826,0.027730043763734
165827,0.0555553596849467
166544,0.0277485665028581
166545,0.0278070282267678
167264,0.0278274889799835
167267,0.0277678942774689
167268,0.0278274889799835
167269,0.017390944340965
167986,0.0277676741700209
167987,0.0277676741700209
167988,0.0277472515182746
168705,0.0277465853616037
168708,0.0225765007060285
168877,0.0277882601344525
169420,0.0277884841919296
169421,0.111004438935857
169422,0.0277672280601618
169424,0.0277884841919296
169595,0.00173893139441107
170140,0.222135663056108
170141,0.277821155410879
170142,0.027810359912884
170143,0.194216526332751
170144,0.416613218417483
170145,0.111176373247868
170859,0.027722267732491
170860,0.305721478562869
170861,0.159691711214
170863,0.138855504466517
170864,0.138633620981906
170865,0.250033071029301
171578,0.305363334606
171579,0.444399094946293
171580,0.638719234995435
171581,0.043466181270122
171582,0.13700869857355
171583,0.361099759136067
171584,0.166711859372684
171585,0.277845674625332
172298,0.389027416274373
172299,0.777662458942518
172300,0.694802494853152
172301,0.187338029380916
172302,0.257108045401927
172303,0.527881531438861
172304,0.0643097821695879
172305,0.11120355420542
173017,0.0277424554110344
173018,0.583109677409111
173019,0.833333333333333
173020,0.555508002051843
173021,0.749846851625
173023,0.25010590816455
173024,0.0347443905237649
173025,0.0554848521357263
173737,0.138972937275769
173738,0.499975904938054
173739,0.805519540494466
173740,0.777681711380304
173741,0.55565185699771
173743,0.0278377702767835
173745,0.138876792428337
174457,0.0834925113307147
174458,0.555580169552037
174459,0.805445037448559
174460,0.777655040905018
174461,0.555702925934032
174462,0.4441014744532
174463,0.166495230522014
174464,0.138778605826564
174465,0.305494363402747
174466,0.0277901141695972
175178,0.555730366727948
175179,0.833508634261439
175180,0.944469523745942
175181,0.25696260658576
175182,0.241453325424341
175183,0.166666666666667
175184,0.111310962569364
175185,0.0278401823577901
175898,0.555733680866918
175899,0.888888928062961
175900,0.972234889522653
175901,0.666565171728336
175902,0.0833713939688944
175903,0.0277651104773466
176079,0.0832952726977723
176618,0.246729819898002
176619,0.472676915091576
176620,0.909696885457312
176621,0.281636641840205
176622,0.192782137822572
177338,0.166719701742721
177339,0.166825772119197
177340,0.769013810468811
177341,0.284239445114342
177342,0.00695314491830416
177524,0.02773806505156
178058,0.0832118548361952
178059,0.13865935117617
178060,0.735994712520681
178061,0.833360446001118
178062,0.154465405108323
178248,0.0277101918360953
178778,0.027819059695118
178779,0.027846450295994
178780,0.194677989913017
178781,0.409672870722697
178961,0.0277089093889534
179499,0.0278198383633888
179500,0.499859863535712
179501,0.583375315452096
180219,0.0277635797318268
180220,0.527763285956118
180221,0.222308037223664
180938,0.0277633137529254
180940,0.610907361559973
180941,0.138641590566652
181658,0.0833185217435066
181659,0.0833482625708237
181660,0.416503561735843
181661,0.194429593555092
182377,0.0277022573704319
182380,0.278200281145417
182381,0.0556761532263752
189576,0.0278318865830688
192456,0.0277197837151816
192457,0.0277971940228931
194378,0.0383344756146743
196776,0.0276703105559276
197493,0.0277997090450931
206136,0.0279129391817951
208303,0.0278635469978053
209025,0.0279232749777565
